Node1,degree_centrality
MUC1,0.046511628
BARD1,0.026162791
BRCA1,0.019379845
RAPGEF6,0.018410853
RAPGEF2,0.014534884
MLLT4,0.014534884
HRAS,0.013565891
ATM,0.013353924
EGFR,0.012596899
BRCA2,0.011627907
TP53,0.010658915
ALB,0.009689922
DCN,0.009689922
POLR3E,0.009689922
POLR3D,0.009689922
